Channel,Coefficient,Abs_Impact
TV,4.2845502165894045,4.2845502165894045
Radio,1.307661684527224,1.307661684527224
Newspaper,0.7145160557883045,0.7145160557883045
