Feature,Coefficient
Intercept,17.190275922782668
TV,4.2845502165894045
Radio,1.307661684527224
Newspaper,0.7145160557883045
