Method,ARI,Silhouette
Fuzzy C-Means,0.6303393343888227,0.45844171606773937
K-Means,0.6201351808870379,0.45994823920518635
