Feature,Coefficient
Intercept,22.796534653465343
crim,-1.0021353343041515
zn,0.6962686220758507
indus,0.2780648451067024
chas,0.7187384049735652
nox,-2.0223193971459876
rm,3.145239563791378
age,-0.17604788350520634
dis,-3.081907599924513
rad,2.251406655828988
tax,-1.7670137777053492
ptratio,-2.037751512131361
b,1.1295683149925593
lstat,-3.6116584152726516
