Feature,Coefficient
TimeIndex,0.07930669766716403
Sin_DayOfYear,1.0427234712406652
Cos_DayOfYear,2.6471859242212936
Month,-0.24234557672505586
DayOfWeek,-0.08478837367952713
