eps,n_clusters,n_noise,ARI,Silhouette
0.1,11,238,0.007121139084235521,-0.4121241588467049
0.2,7,25,0.5048836943540057,0.10904170372762809
0.3,2,2,0.98666592688744,0.25033246623275585
0.4,1,0,-1.0,-1.0
0.5,1,0,-1.0,-1.0
